,Demand_(kWh_year),PV_gen_(kWh_year),EC_to_GRID_(kWh_year),EC_Self_consumed_energy_(kWh_year),SC RATIO(%),GRID_to_EC_(kWh_year),SS RATIO(%),AVERAGE SOC(%)
Without BESS,2875212.877000001,4376804.54,3554979.7130000005,821824.8269999996,0.18776822667982326,2053388.0500000003,0.2858309496225869,
With BESS,2875212.877000001,4376804.54,2411749.626092627,1965054.9139073729,0.4489702238125015,955022.5055431824,0.6678428532430428,0.5573969739196092
