,Demand_(kWh_year),PV_gen_(kWh_year),EC_to_GRID_(kWh_year),EC_Self_consumed_energy_(kWh_year),SC RATIO(%),GRID_to_EC_(kWh_year),SS RATIO(%),AVERAGE SOC(%)
Without BESS,312628.428,481990.3499999999,335957.04000000004,146033.30999999988,0.3029797380798182,166595.118,0.4671146220906054,
With BESS,312628.428,481990.3499999999,260859.58228700672,221130.7677129932,0.4587867116281337,94088.33338146785,0.6990410181716813,0.5786692230396387
