,Building,Demand (kWh/year),PV_gen(kWh/year),SELFCONS (kWh/year),SELFCONS (SS RATIO),EC_SHARING (kWh/year),EC_SHARING (SS RATIO),EC_BESS (kWh/year),EC_BESS (SS RATIO),Self_consumed_energy (kWh/year)
0,B1022,18791.061999999998,24920.03,10192.812,0.457571264466053,10096.337197977555,0.46270534374387373,6567.08513051762,0.6505208098127918,8598.249999999998
1,B1021,18218.371000000003,25081.62,10115.314,0.44477395920853746,10095.964261166258,0.44583605959247086,6619.553373910014,0.6366550349693717,8103.056999999997
2,B1020,18041.307,26083.38,9915.635,0.4503926461647152,9904.516425893136,0.45100893045647217,6494.541383779078,0.6400182434798611,8125.672000000002
3,B1019,18720.900999999998,24847.969999999998,9982.085,0.46679462703210706,9914.967114963052,0.47037981158262343,6385.646830925791,0.6589028043615106,8738.815999999999
