,Demand_(kWh_year),PV_gen_(kWh_year),EC_to_GRID_(kWh_year),EC_Self_consumed_energy_(kWh_year),SC RATIO(%),GRID_to_EC_(kWh_year),SS RATIO(%),AVERAGE SOC(%)
Without BESS,222147.487,333647.44999999995,229686.379,103961.07099999997,0.31158958655311164,118186.41599999998,0.4679822058936909,
With BESS,222147.487,333647.44999999995,179104.0627715947,154543.38722840525,0.46319367112922716,69337.25945102637,0.6878773629745072,0.571336691004354
