,Building,Ecost_base (€),Ecost_SC (€),Ecost_EC (€),Ecost_EC_BESS (€),Savings_SC (€),Savings_SC (%),Savings_EC (€),Savings_EC (%),Savings_EC_BESS (€),Savings_EC_BESS (%),Income_PV_SC(€),Income_PV_EC(€),Income_PV_EC_B(€),incomeEC_total,incomeEC_b_total
0,B1022,2974.6251146000004,1547.0090073000001,1530.5726296296314,968.4181736208664,1427.6161073000003,0.47993143750888173,1444.052484970369,0.48545696662167515,2006.206940979134,0.6744402617769567,1561.7904298,1570.7928646150538,1566.5239782675853,6464.6806469,5062.69594505979
1,B1021,2883.9681293,1535.0309217,1531.9241180307122,979.2430226235263,1348.9372076,0.467736516882874,1352.0440112692877,0.46881378387404626,1904.7251066764736,0.6604528972859318,1642.0537662,1634.001047178504,1629.5603822638723,6464.6806469,5062.69594505979
2,B1020,2855.9388981,1499.8976145000001,1498.176069095792,957.9226265858823,1356.0412836,0.4748145292961791,1357.7628290042082,0.475417324196782,1898.0162715141178,0.6645857419347558,1741.22939,1728.2330475745086,1723.5362917970733,6464.6806469,5062.69594505979
3,B1019,2963.5186283000003,1511.4449583,1499.8050973438644,939.9735701480415,1452.0736700000002,0.48998297366295657,1463.7135309561359,0.4939106901432855,2023.5450581519588,0.6828184033763776,1543.5709268,1550.329936942236,1546.1166619452767,6464.6806469,5062.69594505979
