,Energy_cost_base (€),Energy_cost_EC (€),Savings (€),Savings (%),Income_PV_total(€)
Without BESS,49489.0801524,25217.177463,24271.902689399998,0.49044966313084565,32863.50447099076
With BESS,49489.0801524,13727.100346902045,35761.979805497955,0.7226236514271454,32517.137337087403
