,Energy_cost_base (€),Energy_cost_EC (€),Savings (€),Savings (%),Income_PV_total(€)
Without BESS,35165.94719209999,17880.5274642,17285.419727899993,0.49153857945231605,22442.459500565492
With BESS,35165.94719209999,10138.243487050402,25027.703705049593,0.7117028177381797,22234.74082421447
