,Demand_(kWh_year),PV_gen_(kWh_year),EC_to_GRID_(kWh_year),EC_Self_consumed_energy_(kWh_year),SC RATIO(%),GRID_to_EC_(kWh_year),SS RATIO(%),AVERAGE SOC(%)
Without BESS,138935.034,178217.02000000002,134948.959,43268.061000000016,0.24278299008702992,95666.973,0.3114265693417545,
With BESS,138935.034,178217.02000000002,74690.95816209442,103526.0618379056,0.5808988492676266,37826.88700998367,0.7277368715367812,0.4276856931331551
